n,iterative_time,recursive_time
10,9.9e-07,5.4e-07
100,1.242e-05,8.19e-06
1000,0.00014706,0.00011061
10000,0.00165681,0.00162774
100000,0.02029482,0.01723014
1000000,0.22557906,0.21362661
10000000,2.53508706,2.32823889
100000000,32.60134798,30.49672503
